s,bin,real,imag
0,1.000000,0.000000
1,0.923880,0.382683
2,0.382683,0.923880
3,0.707107,0.707107
4,-0.923880,0.382683
5,-0.707107,0.707107
6,0.000000,1.000000
7,-0.382683,0.923880
8,0.923880,-0.382683
9,0.707107,-0.707107
10,-0.000000,-1.000000
11,0.382683,-0.923880
12,-1.000000,0.000000
13,-0.923880,-0.382683
14,-0.382683,-0.923880
15,-0.707107,-0.707107