step,BER
1e-05,0.4427554166666667
5.623413251903491e-05,0.46004875000000006
0.00031622776601683794,0.014418333333333333
0.0017782794100389228,0.0004745833333333333
0.01,0.00024500000000000005
