step,BER
1e-05,
5.623413251903491e-05,
0.00031622776601683794,
0.0017782794100389228,
0.01,
