step,BER
1e-05,0.29708375
5.623413251903491e-05,0.5362375
0.00031622776601683794,0.04011625
0.0017782794100389228,0.0017300000000000002
0.01,0.0003625
