step,BER
1e-05,0.5328708333333333
5.623413251903491e-05,0.20266499999999998
0.00031622776601683794,0.0
0.0017782794100389228,0.0
0.01,0.0
