step,BER
1e-05,1.5749999999999997e-05
5.623413251903491e-05,1.2750000000000002e-05
0.00031622776601683794,1.4000000000000001e-05
0.0017782794100389228,9.75e-06
0.01,0.014324499999999999
