pol_linewidth_Hz,dp_tot_T,SER,SER_pol1,SER_pol2
140.0,1e-07,0.0015499999999999997,0.0015066666666666666,0.001593333333333333
