s,bin,real,imag
0,-15.000000,0.000000
1,-13.000000,0.000000
2,-9.000000,0.000000
3,-11.000000,0.000000
4,-1.000000,0.000000
5,-3.000000,0.000000
6,-7.000000,0.000000
7,-5.000000,0.000000
8,15.000000,0.000000
9,13.000000,0.000000
10,9.000000,0.000000
11,11.000000,0.000000
12,1.000000,0.000000
13,3.000000,0.000000
14,7.000000,0.000000
15,5.000000,0.000000