s,bin,real,imag
0,-3.000000,0.000000
1,-1.000000,0.000000
2,3.000000,0.000000
3,1.000000,0.000000