s,bin,real,imag
0,-15.000000,0.000000
1,-13.000000,0.000000
2,-11.000000,0.000000
3,-9.000000,0.000000
4,-7.000000,0.000000
5,-5.000000,0.000000
6,-3.000000,0.000000
7,-1.000000,0.000000
8,1.000000,0.000000
9,3.000000,0.000000
10,5.000000,0.000000
11,7.000000,0.000000
12,9.000000,0.000000
13,11.000000,0.000000
14,13.000000,0.000000
15,15.000000,0.000000