s,bin,real,imag
0,1.000000,0.000000
1,0.923880,0.382683
2,0.707107,0.707107
3,0.382683,0.923880
4,0.000000,1.000000
5,-0.382683,0.923880
6,-0.707107,0.707107
7,-0.923880,0.382683
8,-1.000000,0.000000
9,-0.923880,-0.382683
10,-0.707107,-0.707107
11,-0.382683,-0.923880
12,-0.000000,-1.000000
13,0.382683,-0.923880
14,0.707107,-0.707107
15,0.923880,-0.382683