s,bin,real,imag
0,-3.000000,3.000000
1,-3.000000,1.000000
2,-3.000000,-3.000000
3,-3.000000,-1.000000
4,-1.000000,3.000000
5,-1.000000,1.000000
6,-1.000000,-3.000000
7,-1.000000,-1.000000
8,3.000000,3.000000
9,3.000000,1.000000
10,3.000000,-3.000000
11,3.000000,-1.000000
12,1.000000,3.000000
13,1.000000,1.000000
14,1.000000,-3.000000
15,1.000000,-1.000000