s,bin,real,imag
0,1.000000,0.000000
1,0.000000,1.000000
2,-1.000000,0.000000
3,-0.000000,-1.000000