s,bin,real,imag
0,-1.000000,1.000000
1,-1.000000,-1.000000
2,1.000000,1.000000
3,1.000000,-1.000000